<?xml version="1.0" encoding="UTF-8"?>
<classpath>
	<classpathentry kind="con" path="org.eclipse.jdt.launching.JRE_CONTAINER"/>
	<classpathentry kind="src" path="src"/>
	<classpathentry kind="lib" path="dist/LibraryManagementSystem.jar"/>
	<classpathentry kind="lib" path="C:/Users/Gurjit Singh/Downloads/UCanAccess-4.0.4-bin/UCanAccess-4.0.4-bin/commons-lang-2.6.jar"/>
	<classpathentry kind="lib" path="C:/Users/Gurjit Singh/Downloads/UCanAccess-4.0.4-bin/UCanAccess-4.0.4-bin/commons-logging-1.1.3.jar"/>
	<classpathentry kind="lib" path="C:/Users/Gurjit Singh/Downloads/UCanAccess-4.0.4-bin/UCanAccess-4.0.4-bin/hsqldb.jar"/>
	<classpathentry kind="lib" path="C:/Users/Gurjit Singh/Downloads/UCanAccess-4.0.4-bin/UCanAccess-4.0.4-bin/jackcess-2.1.11.jar"/>
	<classpathentry kind="lib" path="C:/Users/Gurjit Singh/Downloads/UCanAccess-4.0.4-bin/UCanAccess-4.0.4-bin/ucanaccess-4.0.4.jar"/>
	<classpathentry kind="output" path="build/classes"/>
</classpath>
